{"info":{"year":2023,"version":"1.0","description":"VIA project exported to COCO format using VGG Image Annotator (http://www.robots.ox.ac.uk/~vgg/software/via/)","contributor":"","url":"http://www.robots.ox.ac.uk/~vgg/software/via/","date_created":"Thu Jun 08 2023 17:49:22 GMT+0700 (Western Indonesia Time)"},"images":[{"id":1,"width":320,"height":240,"file_name":"274427954_6b80f8582c_n.jpg","license":0,"date_captured":""},{"id":2,"width":320,"height":240,"file_name":"274428112_f572c6018d_n.jpg","license":0,"date_captured":""},{"id":3,"width":320,"height":240,"file_name":"274428330_c4e0036eae_n.jpg","license":0,"date_captured":""},{"id":4,"width":320,"height":240,"file_name":"1239989864_d892a66c00_n.jpg","license":0,"date_captured":""},{"id":5,"width":320,"height":240,"file_name":"1239999656_cd947b698d_n.jpg","license":0,"date_captured":""},{"id":6,"width":320,"height":240,"file_name":"1240008488_8e3588d65d_n.jpg","license":0,"date_captured":""},{"id":7,"width":180,"height":240,"file_name":"1271675800_0994e1fab3_m.jpg","license":0,"date_captured":""},{"id":8,"width":300,"height":200,"file_name":"1316371015_c43248cc35_n.jpg","license":0,"date_captured":""},{"id":9,"width":320,"height":189,"file_name":"2459191115_89315c73ac_n.jpg","license":0,"date_captured":""},{"id":10,"width":400,"height":217,"file_name":"2507708972_387a592d7f_w.jpg","license":0,"date_captured":""},{"id":11,"width":320,"height":167,"file_name":"2515235375_90c03cf010_n.jpg","license":0,"date_captured":""},{"id":12,"width":320,"height":240,"file_name":"2573825649_9c478f381c_n.jpg","license":0,"date_captured":""},{"id":13,"width":320,"height":214,"file_name":"2812756793_a50e7778cf_n.jpg","license":0,"date_captured":""},{"id":14,"width":320,"height":240,"file_name":"3145994667_aa9e42d30d_n.jpg","license":0,"date_captured":""},{"id":15,"width":399,"height":200,"file_name":"3194114842_7db90aee97_w.jpg","license":0,"date_captured":""},{"id":16,"width":320,"height":213,"file_name":"3259611478_86dd1809c5_n.jpg","license":0,"date_captured":""},{"id":17,"width":319,"height":180,"file_name":"3613166088_2da55037f1_n.jpg","license":0,"date_captured":""},{"id":18,"width":320,"height":213,"file_name":"3861866984_35b3d93fea_n.jpg","license":0,"date_captured":""},{"id":19,"width":320,"height":211,"file_name":"3993855391_3da6ffb832_n.jpg","license":0,"date_captured":""},{"id":20,"width":320,"height":240,"file_name":"4055142920_b6a4577208_n.jpg","license":0,"date_captured":""},{"id":21,"width":400,"height":211,"file_name":"4055145554_6e00ddf2f9_w.jpg","license":0,"date_captured":""},{"id":22,"width":320,"height":213,"file_name":"4288855437_4ecf7cabce_n.jpg","license":0,"date_captured":""},{"id":23,"width":240,"height":180,"file_name":"4303066324_314c1f3113_m.jpg","license":0,"date_captured":""},{"id":24,"width":320,"height":240,"file_name":"4303067786_7840774e49_n.jpg","license":0,"date_captured":""},{"id":25,"width":320,"height":213,"file_name":"4313883066_c46cfc3d33_n.jpg","license":0,"date_captured":""},{"id":26,"width":319,"height":214,"file_name":"4844843509_e80d72d08b_n.jpg","license":0,"date_captured":""},{"id":27,"width":320,"height":240,"file_name":"5392613940_6edbee5c97_n.jpg","license":0,"date_captured":""},{"id":28,"width":400,"height":236,"file_name":"5430295102_63543edcd4_w.jpg","license":0,"date_captured":""},{"id":29,"width":320,"height":240,"file_name":"5550872605_db9c38fe3f_n.jpg","license":0,"date_captured":""},{"id":30,"width":400,"height":267,"file_name":"5737628751_b327825abb_w.jpg","license":0,"date_captured":""},{"id":31,"width":240,"height":180,"file_name":"5739207186_2ba7a427a9_m.jpg","license":0,"date_captured":""},{"id":32,"width":320,"height":240,"file_name":"5793213004_d38f04e21b_n.jpg","license":0,"date_captured":""},{"id":33,"width":320,"height":240,"file_name":"5826149299_4d86e1cc92_n.jpg","license":0,"date_captured":""},{"id":34,"width":320,"height":240,"file_name":"5826150921_d8b8334701_n.jpg","license":0,"date_captured":""},{"id":35,"width":240,"height":180,"file_name":"5826155517_2e15f64f0c_m.jpg","license":0,"date_captured":""},{"id":36,"width":180,"height":240,"file_name":"5826156155_82b55a49fc_m.jpg","license":0,"date_captured":""},{"id":37,"width":320,"height":240,"file_name":"5826703116_33d79fe0fc_n.jpg","license":0,"date_captured":""},{"id":38,"width":240,"height":180,"file_name":"5826705694_afaa359cd4_m.jpg","license":0,"date_captured":""},{"id":39,"width":240,"height":180,"file_name":"5826707604_1f5ff56058_m.jpg","license":0,"date_captured":""},{"id":40,"width":240,"height":180,"file_name":"5826709812_a1cf724dde_m.jpg","license":0,"date_captured":""},{"id":41,"width":320,"height":240,"file_name":"5859323618_fd8507345c_n.jpg","license":0,"date_captured":""},{"id":42,"width":320,"height":213,"file_name":"6051736245_9c4cb33942_n.jpg","license":0,"date_captured":""},{"id":43,"width":320,"height":213,"file_name":"6105258295_789f9473a3_n.jpg","license":0,"date_captured":""},{"id":44,"width":320,"height":240,"file_name":"6170926513_51951e16ab_n.jpg","license":0,"date_captured":""},{"id":45,"width":240,"height":180,"file_name":"6177332438_f344d6602d_m.jpg","license":0,"date_captured":""},{"id":46,"width":400,"height":267,"file_name":"6252810679_09c532f953_w.jpg","license":0,"date_captured":""},{"id":47,"width":319,"height":213,"file_name":"6431347089_787733175c_n.jpg","license":0,"date_captured":""},{"id":48,"width":320,"height":240,"file_name":"6513609539_e766e12618_n.jpg","license":0,"date_captured":""},{"id":49,"width":320,"height":212,"file_name":"6564532247_c81796255e_n.jpg","license":0,"date_captured":""},{"id":50,"width":320,"height":212,"file_name":"6566225459_2d9d1694e3_n.jpg","license":0,"date_captured":""},{"id":51,"width":320,"height":240,"file_name":"6903057396_eb575b558b_n.jpg","license":0,"date_captured":""},{"id":52,"width":319,"height":213,"file_name":"7239568886_96c7f87383_n.jpg","license":0,"date_captured":""},{"id":53,"width":500,"height":124,"file_name":"7531950724_2de7a25096.jpg","license":0,"date_captured":""},{"id":54,"width":320,"height":240,"file_name":"7665118058_6e7dcb2eb2_n.jpg","license":0,"date_captured":""},{"id":55,"width":240,"height":240,"file_name":"8530160315_da60165392_m.jpg","license":0,"date_captured":""},{"id":56,"width":639,"height":255,"file_name":"8579404592_d827e178e9_z.jpg","license":0,"date_captured":""},{"id":57,"width":320,"height":240,"file_name":"8693318894_297f5cc3ae_n.jpg","license":0,"date_captured":""},{"id":58,"width":320,"height":240,"file_name":"9029269875_92d1052e1d_n.jpg","license":0,"date_captured":""},{"id":59,"width":240,"height":180,"file_name":"9031491478_9fbcc54076_m.jpg","license":0,"date_captured":""},{"id":60,"width":320,"height":240,"file_name":"9031498894_50106f6129_n.jpg","license":0,"date_captured":""},{"id":61,"width":320,"height":240,"file_name":"9031520986_410159f27a_n.jpg","license":0,"date_captured":""},{"id":62,"width":320,"height":212,"file_name":"9338789419_0608d030a2_n.jpg","license":0,"date_captured":""},{"id":63,"width":160,"height":240,"file_name":"10243753853_e07c947ebf_m.jpg","license":0,"date_captured":""},{"id":64,"width":320,"height":214,"file_name":"11239211963_06f675db0a_n.jpg","license":0,"date_captured":""},{"id":65,"width":500,"height":236,"file_name":"11239258904_d3c3db2b74.jpg","license":0,"date_captured":""},{"id":66,"width":320,"height":191,"file_name":"11239450303_7979225b86_n.jpg","license":0,"date_captured":""},{"id":67,"width":320,"height":214,"file_name":"11239484505_e965e28d66_n.jpg","license":0,"date_captured":""},{"id":68,"width":400,"height":267,"file_name":"11528214434_e424eefe10_w.jpg","license":0,"date_captured":""},{"id":69,"width":320,"height":213,"file_name":"11528295013_755455635c_n.jpg","license":0,"date_captured":""},{"id":70,"width":319,"height":213,"file_name":"12795681735_d6239698e0_n.jpg","license":0,"date_captured":""},{"id":71,"width":319,"height":213,"file_name":"12795818843_e678448d53_n.jpg","license":0,"date_captured":""},{"id":72,"width":240,"height":240,"file_name":"12942289405_9ee805f21e_m.jpg","license":0,"date_captured":""},{"id":73,"width":400,"height":248,"file_name":"13232582853_6608621609_w.jpg","license":0,"date_captured":""},{"id":74,"width":320,"height":180,"file_name":"13524779414_e02f971d3b_n.jpg","license":0,"date_captured":""},{"id":75,"width":399,"height":266,"file_name":"14104415430_85cc21bccf_w.jpg","license":0,"date_captured":""},{"id":76,"width":320,"height":240,"file_name":"14941246637_7d409b7c16_n.jpg","license":0,"date_captured":""},{"id":77,"width":320,"height":213,"file_name":"15379701214_cab477c04a_n.jpg","license":0,"date_captured":""},{"id":78,"width":150,"height":150,"file_name":"15970960546_dfb5a74543_q.jpg","license":0,"date_captured":""},{"id":79,"width":320,"height":240,"file_name":"21348117133_c8656a12c3_n.jpg","license":0,"date_captured":""},{"id":80,"width":320,"height":215,"file_name":"21780857560_87d37204bc_n.jpg","license":0,"date_captured":""},{"id":81,"width":320,"height":215,"file_name":"21782114819_bdefc3e10d_n.jpg","license":0,"date_captured":""},{"id":82,"width":320,"height":214,"file_name":"21808124549_a8270bfc9a_n.jpg","license":0,"date_captured":""},{"id":83,"width":320,"height":240,"file_name":"21943048806_3aff3951ea_n.jpg","license":0,"date_captured":""},{"id":84,"width":320,"height":215,"file_name":"21956929012_265f5f1c91_n.jpg","license":0,"date_captured":""},{"id":85,"width":320,"height":215,"file_name":"21968907055_6caeecb908_n.jpg","license":0,"date_captured":""},{"id":86,"width":320,"height":215,"file_name":"21978728451_a987c54b49_n.jpg","license":0,"date_captured":""},{"id":87,"width":320,"height":215,"file_name":"21978792861_2867feb623_n.jpg","license":0,"date_captured":""},{"id":88,"width":320,"height":215,"file_name":"21978843981_5ac747eff5_n.jpg","license":0,"date_captured":""},{"id":89,"width":320,"height":214,"file_name":"21982814232_62a43708f2_n.jpg","license":0,"date_captured":""},{"id":90,"width":320,"height":214,"file_name":"21994470785_14e307cd20_n.jpg","license":0,"date_captured":""},{"id":91,"width":320,"height":214,"file_name":"21995022855_c9f54404fb_n.jpg","license":0,"date_captured":""},{"id":92,"width":319,"height":213,"file_name":"24705396582_b2d28fa7bf_n.jpg","license":0,"date_captured":""},{"id":93,"width":240,"height":240,"file_name":"29022549575_bc5178ff50_m.jpg","license":0,"date_captured":""},{"id":94,"width":400,"height":267,"file_name":"32814136548_c9559d3c60_w.jpg","license":0,"date_captured":""},{"id":95,"width":319,"height":213,"file_name":"32814140018_5c6aa1d170_n.jpg","license":0,"date_captured":""},{"id":96,"width":319,"height":213,"file_name":"32814142738_9427efe9c5_n.jpg","license":0,"date_captured":""},{"id":97,"width":320,"height":240,"file_name":"40199508753_b62487b6bc_n.jpg","license":0,"date_captured":""},{"id":98,"width":319,"height":213,"file_name":"44271317441_53173c4f72_n.jpg","license":0,"date_captured":""},{"id":99,"width":180,"height":240,"file_name":"46897969091_1ea62ee306_m.jpg","license":0,"date_captured":""},{"id":100,"width":400,"height":225,"file_name":"48860312262_4b0b2f2974_w.jpg","license":0,"date_captured":""},{"id":101,"width":240,"height":160,"file_name":"50957212686_e5806e6a29_m.jpg","license":0,"date_captured":""},{"id":102,"width":1023,"height":682,"file_name":"depositphotos_113629228-stock-photo-beautiful-tea-plantation-location-rancabali.jpg","license":0,"date_captured":""},{"id":103,"width":669,"height":446,"file_name":"e8.jpg","license":0,"date_captured":""},{"id":104,"width":700,"height":367,"file_name":"fb-image-tea-plant.jpg","license":0,"date_captured":""},{"id":105,"width":900,"height":600,"file_name":"featured-image_Accommodations-Around-Bandung-with-Tea-Garden-Views_EN.jpg","license":0,"date_captured":""},{"id":106,"width":700,"height":467,"file_name":"file754sqaxy3ue18s9jchj3-1025943-1630579762.jpg","license":0,"date_captured":""},{"id":107,"width":2464,"height":1920,"file_name":"Greaves_Tea-Plantation-Hotels_Assam_credit-iStock_Thinkstock.jpg","license":0,"date_captured":""},{"id":108,"width":626,"height":417,"file_name":"green-tea-bud-leaves-green-tea-plantations-morning-nature-background_335224-956.jpg","license":0,"date_captured":""},{"id":109,"width":495,"height":308,"file_name":"Hampar2Bteh2Bwonosari.JPG.jpg","license":0,"date_captured":""},{"id":110,"width":338,"height":202,"file_name":"HD-wallpaper-beautiful-tea-plantation-thumbnail.jpg","license":0,"date_captured":""},{"id":111,"width":100,"height":100,"file_name":"image8.jpeg","license":0,"date_captured":""},{"id":112,"width":100,"height":100,"file_name":"image12.jpeg","license":0,"date_captured":""},{"id":113,"width":254,"height":198,"file_name":"image13.jpeg","license":0,"date_captured":""},{"id":114,"width":310,"height":163,"file_name":"image14.jpeg","license":0,"date_captured":""},{"id":115,"width":259,"height":194,"file_name":"image15.jpeg","license":0,"date_captured":""},{"id":116,"width":275,"height":183,"file_name":"image16.jpeg","license":0,"date_captured":""},{"id":117,"width":265,"height":190,"file_name":"image17.jpeg","license":0,"date_captured":""},{"id":118,"width":282,"height":179,"file_name":"image18.jpeg","license":0,"date_captured":""},{"id":119,"width":275,"height":183,"file_name":"image19.jpeg","license":0,"date_captured":""},{"id":120,"width":275,"height":183,"file_name":"image20.jpeg","license":0,"date_captured":""},{"id":121,"width":259,"height":194,"file_name":"image21.jpeg","license":0,"date_captured":""},{"id":122,"width":285,"height":177,"file_name":"image22.jpeg","license":0,"date_captured":""},{"id":123,"width":300,"height":168,"file_name":"image23.jpeg","license":0,"date_captured":""},{"id":124,"width":371,"height":136,"file_name":"image24.jpeg","license":0,"date_captured":""},{"id":125,"width":275,"height":183,"file_name":"image25.jpeg","license":0,"date_captured":""},{"id":126,"width":274,"height":184,"file_name":"image26.jpeg","license":0,"date_captured":""},{"id":127,"width":276,"height":183,"file_name":"image27.jpeg","license":0,"date_captured":""},{"id":128,"width":275,"height":183,"file_name":"image28.jpeg","license":0,"date_captured":""},{"id":129,"width":276,"height":183,"file_name":"image29.jpeg","license":0,"date_captured":""},{"id":130,"width":310,"height":163,"file_name":"image31.jpeg","license":0,"date_captured":""},{"id":131,"width":275,"height":183,"file_name":"image32.jpeg","license":0,"date_captured":""},{"id":132,"width":1200,"height":800,"file_name":"image72.jpg","license":0,"date_captured":""},{"id":133,"width":266,"height":190,"file_name":"images3.jpg","license":0,"date_captured":""},{"id":134,"width":271,"height":186,"file_name":"images7.jpg","license":0,"date_captured":""},{"id":135,"width":275,"height":183,"file_name":"images8.jpg","license":0,"date_captured":""},{"id":136,"width":275,"height":183,"file_name":"images9.jpg","license":0,"date_captured":""},{"id":137,"width":259,"height":194,"file_name":"images10.jpg","license":0,"date_captured":""},{"id":138,"width":288,"height":175,"file_name":"images11.jpg","license":0,"date_captured":""},{"id":139,"width":275,"height":183,"file_name":"images13.jpg","license":0,"date_captured":""},{"id":140,"width":305,"height":165,"file_name":"images14.jpg","license":0,"date_captured":""},{"id":141,"width":275,"height":183,"file_name":"images16.jpg","license":0,"date_captured":""},{"id":142,"width":300,"height":168,"file_name":"images17.jpg","license":0,"date_captured":""},{"id":143,"width":275,"height":183,"file_name":"images19.jpg","license":0,"date_captured":""},{"id":144,"width":290,"height":174,"file_name":"images20.jpg","license":0,"date_captured":""},{"id":145,"width":282,"height":179,"file_name":"images21.jpg","license":0,"date_captured":""},{"id":146,"width":259,"height":194,"file_name":"images22.jpg","license":0,"date_captured":""},{"id":147,"width":275,"height":183,"file_name":"images24.jpg","license":0,"date_captured":""},{"id":148,"width":277,"height":182,"file_name":"images25.jpg","license":0,"date_captured":""},{"id":149,"width":275,"height":183,"file_name":"images26.jpg","license":0,"date_captured":""},{"id":150,"width":290,"height":174,"file_name":"images27.jpg","license":0,"date_captured":""},{"id":151,"width":275,"height":183,"file_name":"images28.jpg","license":0,"date_captured":""},{"id":152,"width":293,"height":172,"file_name":"images32.jpg","license":0,"date_captured":""},{"id":153,"width":275,"height":183,"file_name":"images33.jpg","license":0,"date_captured":""},{"id":154,"width":389,"height":129,"file_name":"images34.jpg","license":0,"date_captured":""},{"id":155,"width":259,"height":194,"file_name":"images35.jpg","license":0,"date_captured":""},{"id":156,"width":300,"height":168,"file_name":"images36.jpg","license":0,"date_captured":""},{"id":157,"width":293,"height":172,"file_name":"images37.jpg","license":0,"date_captured":""},{"id":158,"width":275,"height":183,"file_name":"images38.jpg","license":0,"date_captured":""},{"id":159,"width":275,"height":183,"file_name":"images39.jpg","license":0,"date_captured":""},{"id":160,"width":276,"height":183,"file_name":"images40.jpg","license":0,"date_captured":""},{"id":161,"width":299,"height":168,"file_name":"images41.jpg","license":0,"date_captured":""},{"id":162,"width":275,"height":183,"file_name":"images42.jpg","license":0,"date_captured":""},{"id":163,"width":100,"height":100,"file_name":"images43.jpg","license":0,"date_captured":""},{"id":164,"width":259,"height":194,"file_name":"images44.jpg","license":0,"date_captured":""},{"id":165,"width":290,"height":174,"file_name":"images45.jpg","license":0,"date_captured":""},{"id":166,"width":275,"height":183,"file_name":"images47.jpg","license":0,"date_captured":""},{"id":167,"width":275,"height":183,"file_name":"images48.jpg","license":0,"date_captured":""},{"id":168,"width":300,"height":168,"file_name":"images50.jpg","license":0,"date_captured":""},{"id":169,"width":259,"height":194,"file_name":"images52.jpg","license":0,"date_captured":""},{"id":170,"width":275,"height":183,"file_name":"images53.jpg","license":0,"date_captured":""},{"id":171,"width":402,"height":125,"file_name":"images54.jpg","license":0,"date_captured":""},{"id":172,"width":259,"height":194,"file_name":"images55.jpg","license":0,"date_captured":""},{"id":173,"width":275,"height":183,"file_name":"images56.jpg","license":0,"date_captured":""},{"id":174,"width":278,"height":181,"file_name":"images57.jpg","license":0,"date_captured":""},{"id":175,"width":296,"height":170,"file_name":"images58.jpg","license":0,"date_captured":""},{"id":176,"width":299,"height":168,"file_name":"images59.jpg","license":0,"date_captured":""},{"id":177,"width":275,"height":183,"file_name":"images60.jpg","license":0,"date_captured":""},{"id":178,"width":275,"height":183,"file_name":"images61.jpg","license":0,"date_captured":""},{"id":179,"width":300,"height":168,"file_name":"images63.jpg","license":0,"date_captured":""},{"id":180,"width":299,"height":168,"file_name":"images64.jpg","license":0,"date_captured":""},{"id":181,"width":275,"height":183,"file_name":"images65.jpg","license":0,"date_captured":""},{"id":182,"width":259,"height":194,"file_name":"images66.jpg","license":0,"date_captured":""},{"id":183,"width":295,"height":171,"file_name":"images67.jpg","license":0,"date_captured":""},{"id":184,"width":275,"height":183,"file_name":"images69.jpg","license":0,"date_captured":""},{"id":185,"width":278,"height":181,"file_name":"images70.jpg","license":0,"date_captured":""},{"id":186,"width":218,"height":231,"file_name":"images71.jpg","license":0,"date_captured":""},{"id":187,"width":299,"height":168,"file_name":"images72.jpg","license":0,"date_captured":""},{"id":188,"width":275,"height":183,"file_name":"images73.jpg","license":0,"date_captured":""},{"id":189,"width":300,"height":168,"file_name":"images74.jpg","license":0,"date_captured":""},{"id":190,"width":201,"height":250,"file_name":"images75.jpg","license":0,"date_captured":""},{"id":191,"width":301,"height":168,"file_name":"images76.jpg","license":0,"date_captured":""},{"id":192,"width":300,"height":168,"file_name":"images78.jpg","license":0,"date_captured":""},{"id":193,"width":324,"height":155,"file_name":"images79.jpg","license":0,"date_captured":""},{"id":194,"width":300,"height":168,"file_name":"images80.jpg","license":0,"date_captured":""},{"id":195,"width":259,"height":194,"file_name":"images81.jpg","license":0,"date_captured":""},{"id":196,"width":284,"height":177,"file_name":"images82.jpg","license":0,"date_captured":""},{"id":197,"width":259,"height":194,"file_name":"images83.jpg","license":0,"date_captured":""},{"id":198,"width":310,"height":163,"file_name":"images84.jpg","license":0,"date_captured":""},{"id":199,"width":384,"height":131,"file_name":"images85.jpg","license":0,"date_captured":""},{"id":200,"width":299,"height":168,"file_name":"images86.jpg","license":0,"date_captured":""},{"id":201,"width":305,"height":165,"file_name":"images87.jpg","license":0,"date_captured":""},{"id":202,"width":276,"height":183,"file_name":"images88.jpg","license":0,"date_captured":""},{"id":203,"width":194,"height":259,"file_name":"images91.jpg","license":0,"date_captured":""},{"id":204,"width":259,"height":194,"file_name":"images94.jpg","license":0,"date_captured":""},{"id":205,"width":294,"height":171,"file_name":"images95.jpg","license":0,"date_captured":""},{"id":206,"width":212,"height":238,"file_name":"images96.jpg","license":0,"date_captured":""},{"id":207,"width":100,"height":100,"file_name":"images97.jpg","license":0,"date_captured":""},{"id":208,"width":183,"height":275,"file_name":"images98.jpg","license":0,"date_captured":""},{"id":209,"width":275,"height":183,"file_name":"images100.jpg","license":0,"date_captured":""}],"annotations":[],"licenses":[{"id":0,"name":"Unknown License","url":""}],"categories":[]}