{"info":{"year":2023,"version":"1.0","description":"VIA project exported to COCO format using VGG Image Annotator (http://www.robots.ox.ac.uk/~vgg/software/via/)","contributor":"","url":"http://www.robots.ox.ac.uk/~vgg/software/via/","date_created":"Wed Jun 07 2023 23:27:23 GMT+0700 (Western Indonesia Time)"},"images":[{"id":274427954,"width":320,"height":240,"file_name":"274427954_6b80f8582c_n.jpg","license":0,"date_captured":""},{"id":274428112,"width":320,"height":240,"file_name":"274428112_f572c6018d_n.jpg","license":0,"date_captured":""},{"id":274428330,"width":320,"height":240,"file_name":"274428330_c4e0036eae_n.jpg","license":0,"date_captured":""},{"id":1239989864,"width":320,"height":240,"file_name":"1239989864_d892a66c00_n.jpg","license":0,"date_captured":""},{"id":1239999656,"width":320,"height":240,"file_name":"1239999656_cd947b698d_n.jpg","license":0,"date_captured":""},{"id":1240008488,"width":320,"height":240,"file_name":"1240008488_8e3588d65d_n.jpg","license":0,"date_captured":""},{"id":1271675800,"width":180,"height":240,"file_name":"1271675800_0994e1fab3_m.jpg","license":0,"date_captured":""},{"id":1316371015,"width":300,"height":200,"file_name":"1316371015_c43248cc35_n.jpg","license":0,"date_captured":""},{"id":2459191115,"width":320,"height":189,"file_name":"2459191115_89315c73ac_n.jpg","license":0,"date_captured":""},{"id":2507708972,"width":400,"height":217,"file_name":"2507708972_387a592d7f_w.jpg","license":0,"date_captured":""},{"id":2515235375,"width":320,"height":167,"file_name":"2515235375_90c03cf010_n.jpg","license":0,"date_captured":""},{"id":2573825649,"width":320,"height":240,"file_name":"2573825649_9c478f381c_n.jpg","license":0,"date_captured":""},{"id":2812756793,"width":320,"height":214,"file_name":"2812756793_a50e7778cf_n.jpg","license":0,"date_captured":""},{"id":3145994667,"width":320,"height":240,"file_name":"3145994667_aa9e42d30d_n.jpg","license":0,"date_captured":""},{"id":3194114842,"width":399,"height":200,"file_name":"3194114842_7db90aee97_w.jpg","license":0,"date_captured":""},{"id":3259611478,"width":320,"height":213,"file_name":"3259611478_86dd1809c5_n.jpg","license":0,"date_captured":""},{"id":3613166088,"width":319,"height":180,"file_name":"3613166088_2da55037f1_n.jpg","license":0,"date_captured":""},{"id":3861866984,"width":320,"height":213,"file_name":"3861866984_35b3d93fea_n.jpg","license":0,"date_captured":""},{"id":3993855391,"width":320,"height":211,"file_name":"3993855391_3da6ffb832_n.jpg","license":0,"date_captured":""},{"id":4055142920,"width":320,"height":240,"file_name":"4055142920_b6a4577208_n.jpg","license":0,"date_captured":""},{"id":4055145554,"width":400,"height":211,"file_name":"4055145554_6e00ddf2f9_w.jpg","license":0,"date_captured":""},{"id":4288855437,"width":320,"height":213,"file_name":"4288855437_4ecf7cabce_n.jpg","license":0,"date_captured":""},{"id":4303066324,"width":240,"height":180,"file_name":"4303066324_314c1f3113_m.jpg","license":0,"date_captured":""},{"id":4303067786,"width":320,"height":240,"file_name":"4303067786_7840774e49_n.jpg","license":0,"date_captured":""},{"id":4313883066,"width":320,"height":213,"file_name":"4313883066_c46cfc3d33_n.jpg","license":0,"date_captured":""},{"id":4844843509,"width":319,"height":214,"file_name":"4844843509_e80d72d08b_n.jpg","license":0,"date_captured":""},{"id":5392613940,"width":320,"height":240,"file_name":"5392613940_6edbee5c97_n.jpg","license":0,"date_captured":""},{"id":5430295102,"width":400,"height":236,"file_name":"5430295102_63543edcd4_w.jpg","license":0,"date_captured":""},{"id":5550872605,"width":320,"height":240,"file_name":"5550872605_db9c38fe3f_n.jpg","license":0,"date_captured":""},{"id":5737628751,"width":400,"height":267,"file_name":"5737628751_b327825abb_w.jpg","license":0,"date_captured":""},{"id":5739207186,"width":240,"height":180,"file_name":"5739207186_2ba7a427a9_m.jpg","license":0,"date_captured":""},{"id":5793213004,"width":320,"height":240,"file_name":"5793213004_d38f04e21b_n.jpg","license":0,"date_captured":""},{"id":5826149299,"width":320,"height":240,"file_name":"5826149299_4d86e1cc92_n.jpg","license":0,"date_captured":""},{"id":5826150921,"width":320,"height":240,"file_name":"5826150921_d8b8334701_n.jpg","license":0,"date_captured":""},{"id":5826155517,"width":240,"height":180,"file_name":"5826155517_2e15f64f0c_m.jpg","license":0,"date_captured":""},{"id":5826156155,"width":180,"height":240,"file_name":"5826156155_82b55a49fc_m.jpg","license":0,"date_captured":""},{"id":5826703116,"width":320,"height":240,"file_name":"5826703116_33d79fe0fc_n.jpg","license":0,"date_captured":""},{"id":5826705694,"width":240,"height":180,"file_name":"5826705694_afaa359cd4_m.jpg","license":0,"date_captured":""},{"id":5826707604,"width":240,"height":180,"file_name":"5826707604_1f5ff56058_m.jpg","license":0,"date_captured":""},{"id":5826709812,"width":240,"height":180,"file_name":"5826709812_a1cf724dde_m.jpg","license":0,"date_captured":""},{"id":5859323618,"width":320,"height":240,"file_name":"5859323618_fd8507345c_n.jpg","license":0,"date_captured":""},{"id":6051736245,"width":320,"height":213,"file_name":"6051736245_9c4cb33942_n.jpg","license":0,"date_captured":""},{"id":6105258295,"width":320,"height":213,"file_name":"6105258295_789f9473a3_n.jpg","license":0,"date_captured":""},{"id":6170926513,"width":320,"height":240,"file_name":"6170926513_51951e16ab_n.jpg","license":0,"date_captured":""},{"id":6177332438,"width":240,"height":180,"file_name":"6177332438_f344d6602d_m.jpg","license":0,"date_captured":""},{"id":6252810679,"width":400,"height":267,"file_name":"6252810679_09c532f953_w.jpg","license":0,"date_captured":""},{"id":6431347089,"width":319,"height":213,"file_name":"6431347089_787733175c_n.jpg","license":0,"date_captured":""},{"id":6513609539,"width":320,"height":240,"file_name":"6513609539_e766e12618_n.jpg","license":0,"date_captured":""},{"id":6564532247,"width":320,"height":212,"file_name":"6564532247_c81796255e_n.jpg","license":0,"date_captured":""},{"id":6566225459,"width":320,"height":212,"file_name":"6566225459_2d9d1694e3_n.jpg","license":0,"date_captured":""},{"id":6903057396,"width":320,"height":240,"file_name":"6903057396_eb575b558b_n.jpg","license":0,"date_captured":""},{"id":7239568886,"width":319,"height":213,"file_name":"7239568886_96c7f87383_n.jpg","license":0,"date_captured":""},{"id":7531950724,"width":500,"height":124,"file_name":"7531950724_2de7a25096.jpg","license":0,"date_captured":""},{"id":7665118058,"width":320,"height":240,"file_name":"7665118058_6e7dcb2eb2_n.jpg","license":0,"date_captured":""},{"id":8530160315,"width":240,"height":240,"file_name":"8530160315_da60165392_m.jpg","license":0,"date_captured":""},{"id":8579404592,"width":639,"height":255,"file_name":"8579404592_d827e178e9_z.jpg","license":0,"date_captured":""},{"id":8693318894,"width":320,"height":240,"file_name":"8693318894_297f5cc3ae_n.jpg","license":0,"date_captured":""},{"id":9029269875,"width":320,"height":240,"file_name":"9029269875_92d1052e1d_n.jpg","license":0,"date_captured":""},{"id":9031491478,"width":240,"height":180,"file_name":"9031491478_9fbcc54076_m.jpg","license":0,"date_captured":""},{"id":9031498894,"width":320,"height":240,"file_name":"9031498894_50106f6129_n.jpg","license":0,"date_captured":""},{"id":9031520986,"width":320,"height":240,"file_name":"9031520986_410159f27a_n.jpg","license":0,"date_captured":""},{"id":9338789419,"width":320,"height":212,"file_name":"9338789419_0608d030a2_n.jpg","license":0,"date_captured":""},{"id":10243753853,"width":160,"height":240,"file_name":"10243753853_e07c947ebf_m.jpg","license":0,"date_captured":""},{"id":11239211963,"width":320,"height":214,"file_name":"11239211963_06f675db0a_n.jpg","license":0,"date_captured":""},{"id":11239258904,"width":500,"height":236,"file_name":"11239258904_d3c3db2b74.jpg","license":0,"date_captured":""},{"id":11239450303,"width":320,"height":191,"file_name":"11239450303_7979225b86_n.jpg","license":0,"date_captured":""},{"id":11239484505,"width":320,"height":214,"file_name":"11239484505_e965e28d66_n.jpg","license":0,"date_captured":""},{"id":11528214434,"width":400,"height":267,"file_name":"11528214434_e424eefe10_w.jpg","license":0,"date_captured":""},{"id":11528295013,"width":320,"height":213,"file_name":"11528295013_755455635c_n.jpg","license":0,"date_captured":""},{"id":12795681735,"width":319,"height":213,"file_name":"12795681735_d6239698e0_n.jpg","license":0,"date_captured":""},{"id":12795818843,"width":319,"height":213,"file_name":"12795818843_e678448d53_n.jpg","license":0,"date_captured":""},{"id":12942289405,"width":240,"height":240,"file_name":"12942289405_9ee805f21e_m.jpg","license":0,"date_captured":""},{"id":13232582853,"width":400,"height":248,"file_name":"13232582853_6608621609_w.jpg","license":0,"date_captured":""},{"id":13524779414,"width":320,"height":180,"file_name":"13524779414_e02f971d3b_n.jpg","license":0,"date_captured":""},{"id":14104415430,"width":399,"height":266,"file_name":"14104415430_85cc21bccf_w.jpg","license":0,"date_captured":""},{"id":14941246637,"width":320,"height":240,"file_name":"14941246637_7d409b7c16_n.jpg","license":0,"date_captured":""},{"id":15379701214,"width":320,"height":213,"file_name":"15379701214_cab477c04a_n.jpg","license":0,"date_captured":""},{"id":15970960546,"width":150,"height":150,"file_name":"15970960546_dfb5a74543_q.jpg","license":0,"date_captured":""},{"id":21348117133,"width":320,"height":240,"file_name":"21348117133_c8656a12c3_n.jpg","license":0,"date_captured":""},{"id":21780857560,"width":320,"height":215,"file_name":"21780857560_87d37204bc_n.jpg","license":0,"date_captured":""},{"id":21782114819,"width":320,"height":215,"file_name":"21782114819_bdefc3e10d_n.jpg","license":0,"date_captured":""},{"id":21808124549,"width":320,"height":214,"file_name":"21808124549_a8270bfc9a_n.jpg","license":0,"date_captured":""},{"id":21943048806,"width":320,"height":240,"file_name":"21943048806_3aff3951ea_n.jpg","license":0,"date_captured":""},{"id":21956929012,"width":320,"height":215,"file_name":"21956929012_265f5f1c91_n.jpg","license":0,"date_captured":""},{"id":21968907055,"width":320,"height":215,"file_name":"21968907055_6caeecb908_n.jpg","license":0,"date_captured":""},{"id":21978728451,"width":320,"height":215,"file_name":"21978728451_a987c54b49_n.jpg","license":0,"date_captured":""},{"id":21978792861,"width":320,"height":215,"file_name":"21978792861_2867feb623_n.jpg","license":0,"date_captured":""},{"id":21978843981,"width":320,"height":215,"file_name":"21978843981_5ac747eff5_n.jpg","license":0,"date_captured":""},{"id":21982814232,"width":320,"height":214,"file_name":"21982814232_62a43708f2_n.jpg","license":0,"date_captured":""},{"id":21994470785,"width":320,"height":214,"file_name":"21994470785_14e307cd20_n.jpg","license":0,"date_captured":""},{"id":21995022855,"width":320,"height":214,"file_name":"21995022855_c9f54404fb_n.jpg","license":0,"date_captured":""},{"id":24705396582,"width":319,"height":213,"file_name":"24705396582_b2d28fa7bf_n.jpg","license":0,"date_captured":""},{"id":29022549575,"width":240,"height":240,"file_name":"29022549575_bc5178ff50_m.jpg","license":0,"date_captured":""},{"id":32814136548,"width":400,"height":267,"file_name":"32814136548_c9559d3c60_w.jpg","license":0,"date_captured":""},{"id":32814140018,"width":319,"height":213,"file_name":"32814140018_5c6aa1d170_n.jpg","license":0,"date_captured":""},{"id":32814142738,"width":319,"height":213,"file_name":"32814142738_9427efe9c5_n.jpg","license":0,"date_captured":""},{"id":40199508753,"width":320,"height":240,"file_name":"40199508753_b62487b6bc_n.jpg","license":0,"date_captured":""},{"id":44271317441,"width":319,"height":213,"file_name":"44271317441_53173c4f72_n.jpg","license":0,"date_captured":""},{"id":46897969091,"width":180,"height":240,"file_name":"46897969091_1ea62ee306_m.jpg","license":0,"date_captured":""},{"id":48860312262,"width":400,"height":225,"file_name":"48860312262_4b0b2f2974_w.jpg","license":0,"date_captured":""},{"id":50957212686,"width":240,"height":160,"file_name":"50957212686_e5806e6a29_m.jpg","license":0,"date_captured":""}],"annotations":[],"licenses":[{"id":0,"name":"Unknown License","url":""}],"categories":[]}